id,first_name,last_name,email,gender,ip_address
1,Kacy,Ruckhard,kruckhard0@feedburner.com,Female,181.24.157.156
2,Ida,Pike,ipike1@cnet.com,Female,150.8.141.169
3,Fayina,Bohje,fbohje2@ucoz.com,Female,254.244.169.76
4,Prince,Martinez,pmartinez3@netscape.com,Male,66.207.206.206
5,Corey,Welling,cwelling4@sohu.com,Male,182.198.75.172
6,Brandyn,Laws,blaws5@ocn.ne.jp,Male,117.227.243.206
7,Zacharie,Whibley,zwhibley6@rediff.com,Male,39.90.168.31
8,Gram,Adamovich,gadamovich7@va.gov,Male,100.52.125.226
9,Dalenna,Flaherty,dflaherty8@surveymonkey.com,Female,46.135.95.61
10,Georg,Danet,gdanet9@xrea.com,Male,254.113.243.137
11,Bram,Shane,bshanea@youku.com,Male,59.217.29.235
12,Sanders,Verlinde,sverlindeb@amazon.co.uk,Male,15.195.237.78
13,Harper,Krzyzowski,hkrzyzowskic@t.co,Male,70.223.254.49
14,Celle,Buxsey,cbuxseyd@360.cn,Female,117.189.113.81
15,Chlo,Stammer,cstammere@microsoft.com,Female,108.130.174.222
16,Shandeigh,Arnaldy,sarnaldyf@businesswire.com,Female,100.139.24.107
17,Kipp,Gladeche,kgladecheg@omniture.com,Female,4.24.98.224
18,Kirk,Micheau,kmicheauh@feedburner.com,Male,45.233.219.216
19,Albie,Osanne,aosannei@sogou.com,Male,59.240.112.48
20,Ofilia,Lissandre,olissandrej@chron.com,Female,104.109.198.244
21,Dominique,Ness,dnessk@umn.edu,Male,155.32.52.212
22,Emmott,Wharf,ewharfl@samsung.com,Male,72.108.39.129
23,Red,Trevaskus,rtrevaskusm@abc.net.au,Male,132.47.229.166
24,Lynnet,Ganny,lgannyn@vistaprint.com,Female,247.121.64.203
25,Marlene,Fromant,mfromanto@jigsy.com,Female,86.138.12.251
26,Harbert,Gerdes,hgerdesp@abc.net.au,Male,121.21.239.53
27,Lacey,Danilishin,ldanilishinq@discuz.net,Female,63.232.184.221
28,Dorris,Dafydd,ddafyddr@delicious.com,Female,163.171.36.32
29,Gerry,Cluely,gcluelys@umich.edu,Male,199.198.35.71
30,Wells,Whatmough,wwhatmought@skyrock.com,Male,128.97.215.6
31,Montague,Fuente,mfuenteu@uiuc.edu,Male,35.187.51.217
32,Davina,Peppett,dpeppettv@xinhuanet.com,Female,107.113.8.245
33,Dot,Larcier,dlarcierw@hp.com,Female,164.131.246.111
34,Jaclyn,Paquet,jpaquetx@mayoclinic.com,Female,74.18.27.147
35,Petronia,Rulf,prulfy@xing.com,Female,151.38.146.119
36,Tyler,Westmancoat,twestmancoatz@51.la,Male,112.199.207.84
37,Bendick,Stansby,bstansby10@netlog.com,Male,151.179.124.93
38,Nicki,Manna,nmanna11@ebay.co.uk,Female,240.120.60.162
39,Timothy,Purves,tpurves12@sina.com.cn,Male,183.249.192.51
40,Alana,Walczynski,awalczynski13@pinterest.com,Female,186.237.106.116
41,Umeko,Lumpkin,ulumpkin14@nationalgeographic.com,Female,231.210.35.152
42,Frederich,Yarnton,fyarnton15@guardian.co.uk,Male,136.100.172.81
43,Guglielma,Vasilenko,gvasilenko16@blogtalkradio.com,Female,48.208.39.102
44,Irvin,Stennet,istennet17@topsy.com,Male,208.90.185.44
45,Ced,Nibloe,cnibloe18@imdb.com,Male,139.9.73.83
46,Dani,Dignon,ddignon19@msu.edu,Female,33.179.148.94
47,Christophorus,Harry,charry1a@google.es,Male,182.65.1.173
48,Clerkclaude,Yarnell,cyarnell1b@jugem.jp,Male,126.101.105.23
49,Aleta,Coslitt,acoslitt1c@miitbeian.gov.cn,Female,130.149.226.146
50,Antone,Christoffe,achristoffe1d@ihg.com,Male,90.100.70.63
